Threshold,tn,fp,fn,tp,fpr,tpr,precision,recall
0,0,33300,0,623,1.0,1.0,0.018365121009344693,1.0
0,0,33300,0,623,1.0,1.0,0.018365121009344693,1.0
0,0,33300,0,623,1.0,1.0,0.018365121009344693,1.0
0,0,33300,0,623,1.0,1.0,0.018365121009344693,1.0
0,20994,12306,378,245,0.36954954954954955,0.39325842696629215,0.019520356943669825,0.39325842696629215
